{"cameraMode":{"drawMode":0,"name":"Shaded","section":"Shading Mode"},"sceneLighting":false,"audioPlay":false,"sceneViewState":{"showFog":true,"showMaterialUpdate":false,"showSkybox":true,"showFlares":true,"showImageEffects":true,"showParticleSystems":true},"in2DMode":false,"pivot":{"x":-9.510000228881836,"y":9.3100004196167,"z":-6.050000190734863},"rotation":{"x":0.32847532629966738,"y":0.024933945387601854,"z":-0.008674697019159794,"w":0.9441435933113098},"size":3.004995346069336,"orthographic":false}